{
  "loss": [
    0.5045203566551208,
    0.2945612370967865,
    0.26954418420791626,
    0.2546713352203369,
    0.24533717334270477,
    0.23375234007835388,
    0.22479943931102753,
    0.21750803291797638,
    0.20921753346920013,
    0.19999781250953674,
    0.19162775576114655,
    0.18365466594696045,
    0.17400223016738892,
    0.16967186331748962,
    0.15548600256443024,
    0.14827296137809753,
    0.1424652636051178,
    0.13190336525440216,
    0.12374068796634674,
    0.12089135497808456
  ],
  "accuracy": [
    0.8094825148582458,
    0.8880934119224548,
    0.8959875106811523,
    0.9010791778564453,
    0.9040753245353699,
    0.9080044627189636,
    0.9111945629119873,
    0.913472056388855,
    0.9166080951690674,
    0.9197233319282532,
    0.9230680465698242,
    0.9256854057312012,
    0.9293418526649475,
    0.930850088596344,
    0.9364206790924072,
    0.939180850982666,
    0.9413870573043823,
    0.9456101655960083,
    0.9489116668701172,
    0.9500465989112854
  ],
  "val_loss": [
    0.43282368779182434,
    0.3049912452697754,
    0.2855628728866577,
    0.29917967319488525,
    0.2740189731121063,
    0.28721883893013,
    0.2656640410423279,
    0.2635291814804077,
    0.2819494307041168,
    0.263757586479187,
    0.27167949080467224,
    0.2788861095905304,
    0.28283560276031494,
    0.2752104103565216,
    0.28181201219558716,
    0.2826848328113556,
    0.307951420545578,
    0.30049294233322144,
    0.3170616328716278,
    0.3252297639846802
  ],
  "val_accuracy": [
    0.8479438424110413,
    0.8864298462867737,
    0.8920320868492126,
    0.8848530054092407,
    0.8966197371482849,
    0.8900696039199829,
    0.9003747701644897,
    0.9004379510879517,
    0.8949971795082092,
    0.9022209644317627,
    0.9029033184051514,
    0.9001221060752869,
    0.8980920314788818,
    0.9011209011077881,
    0.9014270901679993,
    0.9016132950782776,
    0.8992254734039307,
    0.9011343121528625,
    0.899278461933136,
    0.8978716135025024
  ]
}